Top pages,Clicks,Impressions,CTR,Position
https://solverspro.com/,2,53,3.77%,15.92
https://solverspro.com/solve/,1,9,11.11%,6
https://solverspro.com/finance/cash-on-cash-return,0,68,0%,55.81
https://solverspro.com/math/matrix-calculator,0,45,0%,63.62
https://solverspro.com/solve,0,26,0%,17.23
https://solverspro.com/trades/solar-panel,0,18,0%,97.06
https://solverspro.com/trades/wire-size,0,10,0%,91.5
https://solverspro.com/finance/simple-interest,0,8,0%,56.12
https://solverspro.com/finance/roi-calculator/,0,8,0%,60.88
https://solverspro.com/math/,0,7,0%,14.43
https://solverspro.com/math/quadratic-solver,0,7,0%,60.86
https://solverspro.com/network/ip-subnet-calculator,0,7,0%,94.43
https://solverspro.com/privacy/,0,6,0%,4.17
https://solverspro.com/developer/json-tools/,0,5,0%,4.6
https://solverspro.com/developer/xml-tools/,0,5,0%,8.4
https://solverspro.com/math/geometry-calculator/,0,5,0%,40.6
https://solverspro.com/trades/board-feet,0,5,0%,78.2
https://solverspro.com/terms,0,4,0%,3.75
https://solverspro.com/contact/,0,4,0%,4.25
https://solverspro.com/finance/roi-calculator,0,4,0%,5.5
https://solverspro.com/dashboard/,0,4,0%,6
https://solverspro.com/text/number-to-words,0,4,0%,81.25
https://solverspro.com/health/bmi-calculator,0,3,0%,6.33
https://solverspro.com/blog/,0,3,0%,7.33
https://solverspro.com/trades/concrete-slab,0,3,0%,86
https://solverspro.com/tools/pdf-to-images,0,2,0%,1
https://solverspro.com/terms/,0,2,0%,2
https://solverspro.com/faq/,0,2,0%,3.5
https://solverspro.com/blog,0,2,0%,6.5
https://solverspro.com/math/scientific-calculator/,0,2,0%,8
https://solverspro.com/developer/code-minifier,0,2,0%,86.5
https://solverspro.com/tools/pdf-preflight/,0,1,0%,1
https://solverspro.com/tools,0,1,0%,2
https://solverspro.com/tools/pdf-to-html,0,1,0%,2
https://solverspro.com/health,0,1,0%,3
https://solverspro.com/dashboard,0,1,0%,5
https://solverspro.com/tools/pdf-to-text,0,1,0%,5
https://solverspro.com/health/,0,1,0%,6
https://solverspro.com/text,0,1,0%,6
https://solverspro.com/qr,0,1,0%,8
https://solverspro.com/docs,0,1,0%,9