Top queries,Clicks,Impressions,CTR,Position
cash on cash calculation,0,11,0%,32.73
calculate cash on cash return,0,9,0%,51.89
cash on cash return calculator,0,8,0%,58.88
solar power calculator,0,8,0%,97.75
cocr calculator,0,7,0%,65.57
coc return calculator,0,7,0%,67.43
solvers,0,7,0%,79.57
solve pro,0,6,0%,3.5
universal solver,0,5,0%,6.4
3x3 matrix calculator,0,4,0%,61
simple interest calculator,0,4,0%,85
universal problem solver,0,3,0%,34
how to calculate cash on cash return,0,3,0%,42.67
roi calculator,0,3,0%,59
geometry calculator,0,3,0%,61.67
matrix calculator determinant 3x3,0,3,0%,65.33
calculating cash on cash return,0,3,0%,66.33
determinant of 3x3 matrix calculator,0,3,0%,67
3x3 determinant calculator,0,3,0%,68.33
determinant calculator 3x3,0,3,0%,69.33
quadratic solver,0,3,0%,87.67
cash on cash return formula,0,2,0%,25.5
solver pro,0,2,0%,42.5
matrix solver 3x3,0,2,0%,54.5
cash on cash return calculation,0,2,0%,59.5
3x3 matrix determinant calculator,0,2,0%,70
determinant 3x3 calculator,0,2,0%,70
matrix 3x3 calculator,0,2,0%,75.5
quadratic equation solver,0,2,0%,77
minify text,0,2,0%,86.5
wire size calculator,0,2,0%,90.5
solar panel calculator,0,2,0%,96.5
cash-on-cash calculation,0,1,0%,22
determinant of a matrix 3x3 calculator,0,1,0%,32
3x3 determinant solver,0,1,0%,56
cash-on cash return calculator,0,1,0%,61
calculadora de determinante 3x3,0,1,0%,63
determinant solver 3x3,0,1,0%,63
roi formula calculator,0,1,0%,63
prove that calculator,0,1,0%,64
3x3 matrix solver,0,1,0%,66
determinant of 3x3 calculator,0,1,0%,66
determinante 3x3 rechner,0,1,0%,66
determinants of 3x3 matrices calculator,0,1,0%,66
how do you calculate cash on cash return,0,1,0%,66
det of 3x3 matrix calculator,0,1,0%,67
find the determinant of a 3x3 matrix calculator,0,1,0%,67
determinant of a 3x3 matrix calculator,0,1,0%,69
translate into words,0,1,0%,69
cash on cash roi calculator,0,1,0%,71
yearly roi calculator,0,1,0%,74
2x3 matrix calculator,0,1,0%,76
estimating concrete slab,0,1,0%,76
3x3 matrix inverse calculator,0,1,0%,77
matrix calculator 3x3,0,1,0%,77
monthly roi calculator,0,1,0%,77
number in words check,0,1,0%,78
numbers to words english,0,1,0%,78
rental property cash on cash return calculator,0,1,0%,78
cable gauge calculator,0,1,0%,79
solversolution,0,1,0%,79
cash on cash return equation,0,1,0%,82
calculate cash on cash,0,1,0%,84
solar panel calculator for home,0,1,0%,85
concrete slab strength calculator,0,1,0%,86
roi calculator formula,0,1,0%,86
wire size calculator usa,0,1,0%,88
ip calculator subnet,0,1,0%,92
calculate ip subnet,0,1,0%,93
calculate solar panel requirements,0,1,0%,93
ip address subnet calculator,0,1,0%,93
board feet to square feet calculator,0,1,0%,94
board footage,0,1,0%,94
how do you calculate simple interest,0,1,0%,94
ip subnet mask calculator,0,1,0%,94
wire selection calculator,0,1,0%,94
calculating board feet,0,1,0%,95
cable size calculator usa,0,1,0%,96
concrete slab thickness calculator,0,1,0%,96
network address calculator,0,1,0%,96
subnetting ip address calculator,0,1,0%,96
wire calculator,0,1,0%,96
calculate network address,0,1,0%,97
board foot to square foot,0,1,0%,98
calculate solar,0,1,0%,98
calculate solar energy,0,1,0%,98
solar calculator panels,0,1,0%,99
solar panels kwh calculator,0,1,0%,99
wire current carrying capacity calculator,0,1,0%,99
wire sizing,0,1,0%,99
calculate solar energy needs,0,1,0%,100
convert numbers to words in english,0,1,0%,100
solar panel efficiency calculator,0,1,0%,100